[{"id":"dc4115c1.275338","type":"tab","label":"Flow 3","disabled":false,"info":""},{"id":"49662fcc.30ada","type":"inject","z":"dc4115c1.275338","name":"","topic":"","payload":"Welcome","payloadType":"str","repeat":"","crontab":"","once":false,"onceDelay":0.1,"x":105.16667175292969,"y":407.0000114440918,"wires":[["a1167ce6.7f25a"]]},{"id":"d754a64a.aafe08","type":"ui_form","z":"dc4115c1.275338","name":"","label":"","group":"c69c1ead.f0fce","order":4,"width":0,"height":0,"options":[{"label":"year","value":"y","type":"number","required":true},{"label":"rank in hunger index","value":"rh","type":"number","required":true},{"label":"out of total number of countries","value":"oc","type":"number","required":true}],"formValue":{"y":"","rh":"","oc":""},"payload":"","submit":"submit","cancel":"cancel","topic":"","x":98.16667175292969,"y":585.6666870117188,"wires":[["a1167ce6.7f25a"]]},{"id":"a1167ce6.7f25a","type":"function","z":"dc4115c1.275338","name":"token generator","func":"var Base64={_keyStr:\"ABCDEFGHIJKLMNOPQRSTUVWXYZabcdefghijklmnopqrstuvwxyz0123456789+/=\",encode:function(e){var t=\"\";var n,r,i,s,o,u,a;var f=0;e=Base64._utf8_encode(e);while(f<e.length){n=e.charCodeAt(f++);r=e.charCodeAt(f++);i=e.charCodeAt(f++);s=n>>2;o=(n&3)<<4|r>>4;u=(r&15)<<2|i>>6;a=i&63;if(isNaN(r)){u=a=64}else if(isNaN(i)){a=64}t=t+this._keyStr.charAt(s)+this._keyStr.charAt(o)+this._keyStr.charAt(u)+this._keyStr.charAt(a)}return t},decode:function(e){var t=\"\";var n,r,i;var s,o,u,a;var f=0;e=e.replace(/++[++^A-Za-z0-9+/=]/g,\"\");while(f<e.length){s=this._keyStr.indexOf(e.charAt(f++));o=this._keyStr.indexOf(e.charAt(f++));u=this._keyStr.indexOf(e.charAt(f++));a=this._keyStr.indexOf(e.charAt(f++));n=s<<2|o>>4;r=(o&15)<<4|u>>2;i=(u&3)<<6|a;t=t+String.fromCharCode(n);if(u!=64){t=t+String.fromCharCode(r)}if(a!=64){t=t+String.fromCharCode(i)}}t=Base64._utf8_decode(t);return t},_utf8_encode:function(e){e=e.replace(/\\r\\n/g,\"n\");var t=\"\";for(var n=0;n<e.length;n++){var r=e.charCodeAt(n);if(r<128){t+=String.fromCharCode(r)}else if(r>127&&r<2048){t+=String.fromCharCode(r>>6|192);t+=String.fromCharCode(r&63|128)}else{t+=String.fromCharCode(r>>12|224);t+=String.fromCharCode(r>>6&63|128);t+=String.fromCharCode(r&63|128)}}return t},_utf8_decode:function(e){var t=\"\";var n=0;var r=c1=c2=0;while(n<e.length){r=e.charCodeAt(n);if(r<128){t+=String.fromCharCode(r);n++}else if(r>191&&r<224){c2=e.charCodeAt(n+1);t+=String.fromCharCode((r&31)<<6|c2&63);n+=2}else{c2=e.charCodeAt(n+1);c3=e.charCodeAt(n+2);t+=String.fromCharCode((r&15)<<12|(c2&63)<<6|c3&63);n+=3}}return t}};\nvar username=\"4b9a8fb2-47b6-4ffc-bdb8-7ad07719cbc1\";\nvar password=\"99eac9a7-842c-4b83-8d9d-78e63edc61ea\";\nvar encodedString = Base64.encode(username+':'+password);\nmsg.headers = {\"Authorization\":\"Basic \"+ encodedString};\nglobal.set(\"y\",msg.payload.y)\nglobal.set(\"rh\",msg.payload.rh)\nglobal.set(\"oc\",msg.payload.oc)\nreturn msg;","outputs":1,"noerr":0,"x":306.16668701171875,"y":491.66668701171875,"wires":[["5c96b16f.a7eea"]]},{"id":"5c96b16f.a7eea","type":"http request","z":"dc4115c1.275338","name":"","method":"GET","ret":"obj","paytoqs":false,"url":"https://eu-gb.ml.cloud.ibm.com/v3/identity/token","tls":"","proxy":"","authType":"basic","x":422.16668701171875,"y":334,"wires":[["b2ec52bd.51b64"]]},{"id":"b2ec52bd.51b64","type":"function","z":"dc4115c1.275338","name":"prediction","func":"var token=msg.payload.token;\nvar y=global.get(\"y\");\nvar rh=global.get(\"rh\");\nvar oc=global.get(\"oc\");\nmsg.payload={\"fields\":[\"year\",\"rank in hunger index\",\"out of total number of countries\"],\"values\":[[y,rh,oc]]};\nmsg.headers={\"Authorization\":\"Bearer\"+token}\nreturn msg;","outputs":1,"noerr":0,"x":232.16669082641602,"y":192.00000667572021,"wires":[["80e2f297.51672"]]},{"id":"80e2f297.51672","type":"http request","z":"dc4115c1.275338","name":"","method":"POST","ret":"obj","paytoqs":false,"url":"https://eu-gb.ml.cloud.ibm.com/v3/wml_instances/986729cd-6545-47f7-8bc1-c45576e29668/deployments/6fdcfddb-ef07-42d8-acf0-713a7655239a/online","tls":"","proxy":"","authType":"basic","x":421.1666946411133,"y":117.0000057220459,"wires":[["c46b0f36.8f47f"]]},{"id":"c46b0f36.8f47f","type":"function","z":"dc4115c1.275338","name":"output parsing","func":"msg.payload=msg.payload.values[0][0]\nreturn msg;","outputs":1,"noerr":0,"x":629.1666793823242,"y":197.0000057220459,"wires":[["df73aab7.29ff18","e7d312c8.0ba1c"]]},{"id":"df73aab7.29ff18","type":"debug","z":"dc4115c1.275338","name":"","active":true,"tosidebar":true,"console":false,"tostatus":false,"complete":"payload","targetType":"msg","x":818.1666870117188,"y":96.33334636688232,"wires":[]},{"id":"e7d312c8.0ba1c","type":"ui_text","z":"dc4115c1.275338","group":"c69c1ead.f0fce","order":5,"width":0,"height":0,"name":"","label":"prediction","format":"{{msg.payload}}","layout":"row-spread","x":843.1666831970215,"y":291.0000514984131,"wires":[]},{"id":"c69c1ead.f0fce","type":"ui_group","z":"","name":"swathi","tab":"ce5abf0a.184e7","disp":true,"width":"6","collapse":false},{"id":"ce5abf0a.184e7","type":"ui_tab","z":"","name":"predict","icon":"dashboard","disabled":false,"hidden":false}]